error_id	error_type	error_layer	cx	cy	bucket50	x1	y1	x2	y2
0	Off-grid	M2 (13)	20.581	20.912	000-050,000-050	20.526	20.806	20.636	21.018
1	Off-grid	VIA1 (12)	20.581000000000003	20.912	000-050,000-050	20.556	20.811	20.606	21.013
12	Off-grid	VIA1 (12)	235.813	45.688	200-250,000-050	235.788	45.587	235.838	45.789
13	Off-grid	M2 (13)	235.813	45.688	200-250,000-050	235.758	45.582	235.868	45.794
18	Off-grid	VIA1 (12)	223.526	49.032	200-250,000-050	223.501	48.931	223.551	49.133
19	Off-grid	M2 (13)	223.526	49.032	200-250,000-050	223.496	48.901	223.556	49.163
20	Off-grid	VIA1 (12)	227.326	47.816	200-250,000-050	227.301	47.715	227.351	47.917
21	Off-grid	M2 (13)	227.326	47.816	200-250,000-050	227.296	47.685	227.356	47.947
22	Off-grid	M2 (13)	229.302	47.816	200-250,000-050	229.272	47.685	229.332	47.947
23	Off-grid	VIA1 (12)	229.302	47.816	200-250,000-050	229.277	47.715	229.327	47.917
54	Off-grid	VIA1 (12)	236.29399999999998	89.16	200-250,050-100	236.269	89.059	236.319	89.261
55	Off-grid	M2 (13)	236.294	89.16	200-250,050-100	236.264	89.029	236.324	89.291
59	Off-grid	VIA1 (12)	301.654	91.288	300-350,050-100	301.629	91.187	301.679	91.389
60	Off-grid	M2 (13)	301.654	91.288	300-350,050-100	301.624	91.157	301.684	91.419
83	Off-grid	VIA1 (12)	287.341	128.072	250-300,100-150	287.316	127.971	287.366	128.173
84	Off-grid	M2 (13)	287.341	128.072	250-300,100-150	287.286	127.966	287.396	128.178
87	Off-grid	VIA1 (12)	262.286	134.76	250-300,100-150	262.261	134.659	262.311	134.861
88	Off-grid	M2 (13)	262.28599999999994	134.76	250-300,100-150	262.256	134.629	262.316	134.891
89	Off-grid	VIA1 (12)	258.03	138.10399999999998	250-300,100-150	258.005	138.003	258.055	138.205
90	Off-grid	M2 (13)	258.03	138.104	250-300,100-150	258.0	137.973	258.06	138.235
92	Off-grid	VIA1 (12)	267.429	142.664	250-300,100-150	267.404	142.563	267.454	142.765
93	Off-grid	M2 (13)	267.429	142.664	250-300,100-150	267.374	142.558	267.484	142.77
94	Off-grid	VIA1 (12)	289.038	136.128	250-300,100-150	289.013	136.027	289.063	136.229
95	Off-grid	M2 (13)	289.038	136.128	250-300,100-150	289.008	135.997	289.068	136.259
96	Off-grid	M2 (13)	20.581	151.48000000000002	000-050,150-200	20.526	151.374	20.636	151.586
97	Off-grid	VIA1 (12)	20.581000000000003	151.48	000-050,150-200	20.556	151.379	20.606	151.581
100	Off-grid	VIA1 (12)	39.302	149.352	000-050,100-150	39.277	149.251	39.327	149.453
101	Off-grid	M2 (13)	39.302	149.352	000-050,100-150	39.272	149.221	39.332	149.483
103	Off-grid	M1 (11)	74.132	154.6465	050-100,150-200	74.087	154.596	74.177	154.697
106	Off-grid	M2 (13)	22.101	162.728	000-050,150-200	22.046	162.622	22.156	162.834
107	Off-grid	VIA1 (12)	22.101	162.728	000-050,150-200	22.076	162.627	22.126	162.829
110	Off-grid	VIA1 (12)	51.589	162.728	050-100,150-200	51.564	162.627	51.614	162.829
111	Off-grid	M2 (13)	51.589	162.728	050-100,150-200	51.534	162.622	51.644	162.834
112	Off-grid	VIA1 (12)	49.942	162.728	000-050,150-200	49.917	162.627	49.967	162.829
113	Off-grid	VIA1 (12)	58.125	159.38400000000001	050-100,150-200	58.1	159.283	58.15	159.485
114	Off-grid	M2 (13)	58.125	159.38400000000001	050-100,150-200	58.07	159.278	58.18	159.49
116	Off-grid	M2 (13)	236.269	166.072	200-250,150-200	236.214	165.966	236.324	166.178
117	Off-grid	VIA1 (12)	236.269	166.072	200-250,150-200	236.244	165.971	236.294	166.173
131	Off-grid	VIA1 (12)	245.997	184.768	200-250,150-200	245.972	184.667	246.022	184.869
132	Off-grid	M2 (13)	245.997	184.768	200-250,150-200	245.942	184.662	246.052	184.874
136	Off-grid	VIA1 (12)	135.189	199.512	100-150,150-200	135.164	199.411	135.214	199.613
137	Off-grid	M2 (13)	135.189	199.512	100-150,150-200	135.134	199.406	135.244	199.618
138	Off-grid	VIA1 (12)	138.231	199.512	100-150,150-200	138.206	199.411	138.256	199.613
139	Off-grid	M2 (13)	138.256	199.512	100-150,150-200	138.226	199.457	138.286	199.567
140	Off-grid	VIA1 (12)	135.493	202.856	100-150,200-250	135.468	202.755	135.518	202.957
141	Off-grid	M2 (13)	135.493	202.856	100-150,200-250	135.438	202.75	135.548	202.962
143	Off-grid	VIA1 (12)	136.73399999999998	212.888	100-150,200-250	136.709	212.787	136.759	212.989
144	Off-grid	M2 (13)	136.734	212.888	100-150,200-250	136.704	212.757	136.764	213.019
145	Off-grid	VIA1 (12)	137.494	206.2	100-150,200-250	137.469	206.099	137.519	206.301
146	Off-grid	M2 (13)	137.494	206.2	100-150,200-250	137.464	206.069	137.524	206.331
147	Off-grid	VIA1 (12)	135.67000000000002	215.016	100-150,200-250	135.645	214.915	135.695	215.117
148	Off-grid	M2 (13)	135.67	215.016	100-150,200-250	135.64	214.885	135.7	215.147
149	Off-grid	VIA1 (12)	134.733	211.672	100-150,200-250	134.708	211.571	134.758	211.773
150	Off-grid	M2 (13)	134.733	211.672	100-150,200-250	134.678	211.566	134.788	211.778
151	Off-grid	VIA1 (12)	134.429	204.984	100-150,200-250	134.404	204.883	134.454	205.085
152	Off-grid	M2 (13)	134.429	204.98399999999998	100-150,200-250	134.374	204.878	134.484	205.09
153	Off-grid	VIA1 (12)	215.47	206.2	200-250,200-250	215.445	206.099	215.495	206.301
154	Off-grid	M2 (13)	215.47	206.2	200-250,200-250	215.44	206.069	215.5	206.331
155	Off-grid	VIA1 (12)	221.55	206.2	200-250,200-250	221.525	206.099	221.575	206.301
156	Off-grid	M2 (13)	221.55	206.2	200-250,200-250	221.52	206.069	221.58	206.331
157	Off-grid	VIA1 (12)	225.781	204.984	200-250,200-250	225.756	204.883	225.806	205.085
158	Off-grid	M2 (13)	225.781	204.98399999999998	200-250,200-250	225.726	204.878	225.836	205.09
159	Off-grid	VIA1 (12)	223.957	209.544	200-250,200-250	223.932	209.443	223.982	209.645
160	Off-grid	M2 (13)	223.957	209.54399999999998	200-250,200-250	223.902	209.438	224.012	209.65
161	Off-grid	M2 (13)	222.13299999999998	209.54399999999998	200-250,200-250	222.078	209.438	222.188	209.65
162	Off-grid	VIA1 (12)	222.13299999999998	209.544	200-250,200-250	222.108	209.443	222.158	209.645
163	Off-grid	VIA1 (12)	222.918	204.984	200-250,200-250	222.893	204.883	222.943	205.085
164	Off-grid	M2 (13)	222.918	204.984	200-250,200-250	222.888	204.853	222.948	205.115
165	Off-grid	VIA1 (12)	220.638	204.984	200-250,200-250	220.613	204.883	220.663	205.085
166	Off-grid	M2 (13)	220.638	204.984	200-250,200-250	220.608	204.853	220.668	205.115
167	Off-grid	VIA1 (12)	219.574	206.2	200-250,200-250	219.549	206.099	219.599	206.301
168	Off-grid	M2 (13)	219.574	206.2	200-250,200-250	219.544	206.069	219.604	206.331
169	Off-grid	VIA1 (12)	264.693	209.544	250-300,200-250	264.668	209.443	264.718	209.645
170	Off-grid	M2 (13)	264.693	209.54399999999998	250-300,200-250	264.638	209.438	264.748	209.65
173	Off-grid	VIA1 (12)	138.102	221.704	100-150,200-250	138.077	221.603	138.127	221.805
174	Off-grid	M2 (13)	138.102	221.704	100-150,200-250	138.072	221.573	138.132	221.835
175	Off-grid	VIA1 (12)	135.67000000000002	216.232	100-150,200-250	135.645	216.131	135.695	216.333
176	Off-grid	M2 (13)	135.67	216.232	100-150,200-250	135.64	216.101	135.7	216.363
177	Off-grid	M1 (11)	144.03199999999998	222.92	100-150,200-250	143.977	222.89	144.087	222.95
178	Off-grid	M2 (13)	189.301	222.92000000000002	150-200,200-250	189.246	222.814	189.356	223.026
179	Off-grid	VIA1 (12)	189.301	222.92	150-200,200-250	189.276	222.819	189.326	223.021
180	Off-grid	M2 (13)	183.373	226.264	150-200,200-250	183.318	226.158	183.428	226.37
181	Off-grid	VIA1 (12)	183.373	226.264	150-200,200-250	183.348	226.163	183.398	226.365
182	Off-grid	VIA1 (12)	199.662	219.576	150-200,200-250	199.637	219.475	199.687	219.677
183	Off-grid	M2 (13)	199.662	219.576	150-200,200-250	199.632	219.445	199.692	219.707
184	Off-grid	M2 (13)	197.20499999999998	219.576	150-200,200-250	197.15	219.47	197.26	219.682
185	Off-grid	VIA1 (12)	197.20499999999998	219.576	150-200,200-250	197.18	219.475	197.23	219.677
186	Off-grid	VIA1 (12)	194.925	222.92	150-200,200-250	194.9	222.819	194.95	223.021
187	Off-grid	M2 (13)	194.925	222.92000000000002	150-200,200-250	194.87	222.814	194.98	223.026
188	Off-grid	VIA1 (12)	210.91	222.92	200-250,200-250	210.885	222.819	210.935	223.021
189	Off-grid	M2 (13)	210.91	222.92	200-250,200-250	210.88	222.789	210.94	223.051
190	Off-grid	VIA1 (12)	209.061	226.264	200-250,200-250	209.036	226.163	209.086	226.365
191	Off-grid	M2 (13)	209.061	226.264	200-250,200-250	209.006	226.158	209.116	226.37
201	Off-grid	M2 (13)	176.406	229.608	150-200,200-250	176.376	229.477	176.436	229.739
202	Off-grid	VIA1 (12)	176.406	229.608	150-200,200-250	176.381	229.507	176.431	229.709
203	Off-grid	M2 (13)	173.037	235.07999999999998	150-200,200-250	172.982	234.974	173.092	235.186
204	Off-grid	VIA1 (12)	173.037	235.08	150-200,200-250	173.012	234.979	173.062	235.181
205	Off-grid	VIA1 (12)	174.55700000000002	238.424	150-200,200-250	174.532	238.323	174.582	238.525
206	Off-grid	M2 (13)	174.55700000000002	238.424	150-200,200-250	174.502	238.318	174.612	238.53
207	Off-grid	M2 (13)	187.173	232.952	150-200,200-250	187.118	232.846	187.228	233.058
208	Off-grid	VIA1 (12)	187.173	232.952	150-200,200-250	187.148	232.851	187.198	233.053
209	Off-grid	M2 (13)	185.07	232.952	150-200,200-250	185.04	232.821	185.1	233.083
210	Off-grid	VIA1 (12)	185.07	232.952	150-200,200-250	185.045	232.851	185.095	233.053
212	Off-grid	VIA1 (12)	189.453	235.08	150-200,200-250	189.428	234.979	189.478	235.181
213	Off-grid	M2 (13)	189.453	235.07999999999998	150-200,200-250	189.398	234.974	189.508	235.186
214	Off-grid	M2 (13)	198.75	236.296	150-200,200-250	198.72	236.165	198.78	236.427
215	Off-grid	VIA1 (12)	198.75	236.296	150-200,200-250	198.725	236.195	198.775	236.397
218	Off-grid	M1 (11)	197.99200000000002	238.424	150-200,200-250	197.937	238.394	198.047	238.454
219	Off-grid	VIA1 (12)	193.55700000000002	236.296	150-200,200-250	193.532	236.195	193.582	236.397
220	Off-grid	M2 (13)	193.55700000000002	236.296	150-200,200-250	193.502	236.19	193.612	236.402
221	Off-grid	M2 (13)	200.451	238.424	200-250,200-250	200.396	238.318	200.506	238.53
222	Off-grid	VIA1 (12)	200.451	238.424	200-250,200-250	200.426	238.323	200.476	238.525
223	Off-grid	VIA1 (12)	193.43	229.608	150-200,200-250	193.405	229.507	193.455	229.709
226	Off-grid	VIA1 (12)	200.726	232.952	200-250,200-250	200.701	232.851	200.751	233.053
227	Off-grid	M2 (13)	200.726	232.952	200-250,200-250	200.696	232.821	200.756	233.083
229	Off-grid	VIA1 (12)	210.885	236.296	200-250,200-250	210.86	236.195	210.91	236.397
230	Off-grid	M2 (13)	210.885	236.296	200-250,200-250	210.83	236.19	210.94	236.402
231	Off-grid	VIA1 (12)	215.166	239.64	200-250,200-250	215.141	239.539	215.191	239.741
232	Off-grid	M2 (13)	215.166	239.64	200-250,200-250	215.136	239.509	215.196	239.771
234	Off-grid	VIA1 (12)	244.958	229.608	200-250,200-250	244.933	229.507	244.983	229.709
235	Off-grid	M2 (13)	244.958	229.608	200-250,200-250	244.928	229.477	244.988	229.739
236	Off-grid	VIA1 (12)	244.654	239.64	200-250,200-250	244.629	239.539	244.679	239.741
237	Off-grid	M2 (13)	244.654	239.64	200-250,200-250	244.624	239.509	244.684	239.771
251	Off-grid	VIA1 (12)	220.79	246.328	200-250,200-250	220.765	246.227	220.815	246.429
385	Off-grid	VIA1 (12)	278.398	278.552	250-300,250-300	278.373	278.451	278.423	278.653
395	Off-grid	VIA1 (12)	134.277	305.304	100-150,300-350	134.252	305.203	134.302	305.405
396	Off-grid	M2 (13)	134.277	305.304	100-150,300-350	134.222	305.198	134.332	305.41
329	Off-grid	VIA1 (12)	229.91	265.176	200-250,250-300	229.885	265.075	229.935	265.277
330	Off-grid	M2 (13)	229.91	265.17600000000004	200-250,250-300	229.88	265.045	229.94	265.307
336	Off-grid	VIA1 (12)	233.077	275.056	200-250,250-300	233.052	274.955	233.102	275.157
337	Off-grid	M2 (13)	233.077	275.056	200-250,250-300	233.022	274.95	233.132	275.162
346	Off-grid	VIA1 (12)	275.789	265.176	250-300,250-300	275.764	265.075	275.814	265.277
347	Off-grid	M2 (13)	275.789	265.176	250-300,250-300	275.734	265.07	275.844	265.282
350	Off-grid	VIA1 (12)	286.45399999999995	265.176	250-300,250-300	286.429	265.075	286.479	265.277
351	Off-grid	M2 (13)	286.45399999999995	265.17600000000004	250-300,250-300	286.424	265.045	286.484	265.307
352	Off-grid	VIA1 (12)	43.533	283.112	000-050,250-300	43.508	283.011	43.558	283.213
353	Off-grid	M2 (13)	43.533	283.11199999999997	000-050,250-300	43.478	283.006	43.588	283.218
354	Off-grid	VIA1 (12)	46.117000000000004	281.744	000-050,250-300	46.092	281.643	46.142	281.845
355	Off-grid	M2 (13)	46.117	281.744	000-050,250-300	46.062	281.638	46.172	281.85
371	Off-grid	VIA1 (12)	221.24599999999998	288.432	200-250,250-300	221.221	288.331	221.271	288.533
372	Off-grid	M2 (13)	221.246	288.432	200-250,250-300	221.216	288.301	221.276	288.563
252	Off-grid	M2 (13)	220.79	246.328	200-250,200-250	220.76	246.197	220.82	246.459
253	Off-grid	M2 (13)	221.67700000000002	248.45600000000002	200-250,200-250	221.622	248.35	221.732	248.562
254	Off-grid	VIA1 (12)	221.677	248.456	200-250,200-250	221.652	248.355	221.702	248.557
255	Off-grid	VIA1 (12)	220.613	245.112	200-250,200-250	220.588	245.011	220.638	245.213
256	Off-grid	M2 (13)	220.613	245.112	200-250,200-250	220.558	245.006	220.668	245.218
257	Off-grid	M1 (11)	237.816	248.152	200-250,200-250	237.786	248.097	237.846	248.207
258	Off-grid	M1 (11)	237.811	248.076	200-250,200-250	237.786	247.975	237.836	248.177
261	Off-grid	VIA1 (12)	242.349	248.456	200-250,200-250	242.324	248.355	242.374	248.557
262	Off-grid	M2 (13)	242.349	248.45600000000002	200-250,200-250	242.294	248.35	242.404	248.562
293	Off-grid	M2 (13)	280.67999999999995	259.856	250-300,250-300	280.65	259.801	280.71	259.911
294	Off-grid	VIA1 (12)	280.655	259.856	250-300,250-300	280.63	259.755	280.68	259.957
297	Off-grid	VIA1 (12)	49.942	269.888	000-050,250-300	49.917	269.787	49.967	269.989
298	Off-grid	M2 (13)	49.942	269.88800000000003	000-050,250-300	49.912	269.757	49.972	270.019
299	Off-grid	VIA1 (12)	47.028999999999996	273.23199999999997	000-050,250-300	47.004	273.131	47.054	273.333
300	Off-grid	M2 (13)	47.028999999999996	273.23199999999997	000-050,250-300	46.974	273.126	47.084	273.338
301	Off-grid	VIA1 (12)	51.132999999999996	275.056	050-100,250-300	51.108	274.955	51.158	275.157
302	Off-grid	M2 (13)	51.133	275.056	050-100,250-300	51.078	274.95	51.188	275.162
303	Off-grid	VIA1 (12)	60.709	276.576	050-100,250-300	60.684	276.475	60.734	276.677
304	Off-grid	M2 (13)	60.709	276.576	050-100,250-300	60.654	276.47	60.764	276.682
2	Diff net spacing	M1 (11)	20.607999999999997	32.2485	000-050,000-050	20.528	32.207	20.688	32.29
3	Diff net spacing	M1 (11)	23.04	24.4715	000-050,000-050	22.96	24.43	23.12	24.513
4	Diff net spacing	M1 (11)	24.256	28.9045	000-050,000-050	24.176	28.863	24.336	28.946
5	Diff net spacing	M1 (11)	20.607999999999997	38.9365	000-050,000-050	20.528	38.895	20.688	38.978
6	Diff net spacing	M1 (11)	22.584000000000003	35.5925	000-050,000-050	22.504	35.551	22.664	35.634
7	Diff net spacing	M1 (11)	26.991999999999997	44.5355	000-050,000-050	26.912	44.494	27.072	44.577
8	Diff net spacing	M1 (11)	22.735999999999997	37.8475	000-050,000-050	22.656	37.806	22.816	37.889
9	Diff net spacing	M1 (11)	21.823999999999998	44.5355	000-050,000-050	21.744	44.494	21.904	44.577
10	Diff net spacing	M1 (11)	27.6	42.2805	000-050,000-050	27.52	42.239	27.68	42.322
16	Diff net spacing	M1 (11)	21.823999999999998	47.8795	000-050,000-050	21.744	47.838	21.904	47.921
26	Diff net spacing	M1 (11)	237.96800000000002	57.911500000000004	200-250,050-100	237.888	57.87	238.048	57.953
27	Diff net spacing	M1 (11)	36.872	77.9755	000-050,050-100	36.792	77.934	36.952	78.017
28	Diff net spacing	M1 (11)	111.656	75.7205	100-150,050-100	111.576	75.679	111.736	75.762
29	Diff net spacing	M1 (11)	106.488	79.0645	100-150,050-100	106.408	79.023	106.568	79.106
34	Diff net spacing	M1 (11)	44.775999999999996	82.4085	000-050,050-100	44.696	82.367	44.856	82.45
35	Diff net spacing	M1 (11)	104.208	85.7525	100-150,050-100	104.128	85.711	104.288	85.794
36	Diff net spacing	M1 (11)	105.12	84.6635	100-150,050-100	105.04	84.622	105.2	84.705
37	Diff net spacing	M1 (11)	103.29599999999999	91.3515	100-150,050-100	103.216	91.31	103.376	91.393
38	Diff net spacing	M1 (11)	104.208	92.4405	100-150,050-100	104.128	92.399	104.288	92.482
39	Diff net spacing	M1 (11)	114.088	85.7525	100-150,050-100	114.008	85.711	114.168	85.794
40	Diff net spacing	M1 (11)	107.096	85.7525	100-150,050-100	107.016	85.711	107.176	85.794
41	Diff net spacing	M1 (11)	109.072	88.0075	100-150,050-100	108.992	87.966	109.152	88.049
53	Diff net spacing	M1 (11)	235.688	88.0075	200-250,050-100	235.608	87.966	235.768	88.049
56	Diff net spacing	M1 (11)	259.48400000000004	85.056	250-300,050-100	259.447	84.976	259.521	85.136
57	Diff net spacing	M2 (13)	259.56600000000003	85.132	250-300,050-100	259.494	85.097	259.638	85.167
70	Diff net spacing	M1 (11)	259.48400000000004	95.088	250-300,050-100	259.447	95.008	259.521	95.168
71	Diff net spacing	M2 (13)	259.56600000000003	95.164	250-300,050-100	259.494	95.129	259.638	95.199
72	Diff net spacing	M1 (11)	38.544	114.7595	000-050,100-150	38.464	114.718	38.624	114.801
73	Diff net spacing	M1 (11)	249.51999999999998	115.8485	200-250,100-150	249.44	115.807	249.6	115.89
74	Diff net spacing	M1 (11)	269.12800000000004	118.1035	250-300,100-150	269.048	118.062	269.208	118.145
75	Diff net spacing	M1 (11)	265.176	118.1035	250-300,100-150	265.096	118.062	265.256	118.145
76	Diff net spacing	M1 (11)	250.736	129.22449999999998	250-300,100-150	250.656	129.183	250.816	129.266
77	Diff net spacing	M1 (11)	258.18399999999997	129.22449999999998	250-300,100-150	258.104	129.183	258.264	129.266
78	Diff net spacing	M1 (11)	254.536	129.22449999999998	250-300,100-150	254.456	129.183	254.616	129.266
79	Diff net spacing	M1 (11)	255.144	128.13549999999998	250-300,100-150	255.064	128.094	255.224	128.177
80	Diff net spacing	M1 (11)	263.656	119.1925	250-300,100-150	263.576	119.151	263.736	119.234
81	Diff net spacing	M1 (11)	267.0	124.7915	250-300,100-150	266.92	124.75	267.08	124.833
82	Diff net spacing	M1 (11)	266.24	119.1925	250-300,100-150	266.16	119.151	266.32	119.234
86	Diff net spacing	M1 (11)	251.04000000000002	134.82350000000002	250-300,100-150	250.96	134.782	251.12	134.865
91	Diff net spacing	M1 (11)	264.416	131.47949999999997	250-300,100-150	264.336	131.438	264.496	131.521
104	Diff net spacing	M1 (11)	267.456	154.8875	250-300,150-200	267.376	154.846	267.536	154.929
118	Diff net spacing	M1 (11)	261.376	158.23149999999998	250-300,150-200	261.296	158.19	261.456	158.273
119	Diff net spacing	M1 (11)	272.168	161.57549999999998	250-300,150-200	272.088	161.534	272.248	161.617
120	Diff net spacing	M1 (11)	272.32	164.9195	250-300,150-200	272.24	164.878	272.4	164.961
121	Diff net spacing	M1 (11)	265.328	162.66449999999998	250-300,150-200	265.248	162.623	265.408	162.706
122	Diff net spacing	M1 (11)	20.607999999999997	174.9515	000-050,150-200	20.528	174.91	20.688	174.993
123	Diff net spacing	M1 (11)	29.880000000000003	178.2955	000-050,150-200	29.8	178.254	29.96	178.337
124	Diff net spacing	M1 (11)	43.104	168.26350000000002	000-050,150-200	43.024	168.222	43.184	168.305
125	Diff net spacing	M1 (11)	73.2	172.69650000000001	050-100,150-200	73.12	172.655	73.28	172.738
126	Diff net spacing	M1 (11)	72.44	176.0405	050-100,150-200	72.36	175.999	72.52	176.082
128	Diff net spacing	M1 (11)	269.12800000000004	179.3845	250-300,150-200	269.048	179.343	269.208	179.426
133	Diff net spacing	M1 (11)	266.544	184.9835	250-300,150-200	266.464	184.942	266.624	185.025
134	Diff net spacing	M1 (11)	266.544	186.0725	250-300,150-200	266.464	186.031	266.624	186.114
135	Diff net spacing	M1 (11)	267.0	189.41649999999998	250-300,150-200	266.92	189.375	267.08	189.458
172	Diff net spacing	M1 (11)	287.52	206.1365	250-300,200-250	287.44	206.095	287.6	206.178
192	Diff net spacing	M1 (11)	235.83999999999997	216.1685	200-250,200-250	235.76	216.127	235.92	216.21
216	Diff net spacing	M1 (11)	199.05599999999998	228.4555	150-200,200-250	198.976	228.414	199.136	228.497
217	Diff net spacing	M1 (11)	199.05599999999998	229.5445	150-200,200-250	198.976	229.503	199.136	229.586
224	Diff net spacing	M1 (11)	203.464	236.23250000000002	200-250,200-250	203.384	236.191	203.544	236.274
225	Diff net spacing	M1 (11)	201.94400000000002	228.4555	200-250,200-250	201.864	228.414	202.024	228.497
228	Diff net spacing	M1 (11)	204.37599999999998	228.4555	200-250,200-250	204.296	228.414	204.456	228.497
233	Diff net spacing	M1 (11)	247.24	238.4875	200-250,200-250	247.16	238.446	247.32	238.529
249	Diff net spacing	M1 (11)	190.54399999999998	251.8635	150-200,250-300	190.464	251.822	190.624	251.905
381	Diff net spacing	M1 (11)	248.152	279.7045	200-250,250-300	248.072	279.663	248.232	279.746
382	Diff net spacing	M1 (11)	253.776	286.39250000000004	250-300,250-300	253.696	286.351	253.856	286.434
383	Diff net spacing	M1 (11)	254.83999999999997	281.9595	250-300,250-300	254.76	281.918	254.92	282.001
384	Diff net spacing	M1 (11)	256.20799999999997	286.39250000000004	250-300,250-300	256.128	286.351	256.288	286.434
386	Diff net spacing	M1 (11)	188.72	296.42449999999997	150-200,250-300	188.64	296.383	188.8	296.466
387	Diff net spacing	M1 (11)	195.256	293.08050000000003	150-200,250-300	195.176	293.039	195.336	293.122
388	Diff net spacing	M1 (11)	209.392	291.9915	200-250,250-300	209.312	291.95	209.472	292.033
390	Diff net spacing	M1 (11)	259.48400000000004	292.688	250-300,250-300	259.447	292.608	259.521	292.768
391	Diff net spacing	M2 (13)	259.56600000000003	292.61199999999997	250-300,250-300	259.494	292.577	259.638	292.647
392	Diff net spacing	M1 (11)	125.488	303.1125	100-150,300-350	125.408	303.071	125.568	303.154
393	Diff net spacing	M1 (11)	130.2	303.1125	100-150,300-350	130.12	303.071	130.28	303.154
394	Diff net spacing	M1 (11)	136.28	302.0235	100-150,300-350	136.2	301.982	136.36	302.065
397	Diff net spacing	M1 (11)	183.39999999999998	303.1125	150-200,300-350	183.32	303.071	183.48	303.154
398	Diff net spacing	M1 (11)	202.55200000000002	302.0235	200-250,300-350	202.472	301.982	202.632	302.065
399	Diff net spacing	M1 (11)	212.88799999999998	302.0235	200-250,300-350	212.808	301.982	212.968	302.065
320	Diff net spacing	M1 (11)	208.48000000000002	266.32849999999996	200-250,250-300	208.4	266.287	208.56	266.37
321	Diff net spacing	M1 (11)	215.168	275.2715	200-250,250-300	215.088	275.23	215.248	275.313
322	Diff net spacing	M1 (11)	207.72	271.9275	200-250,250-300	207.64	271.886	207.8	271.969
323	Diff net spacing	M1 (11)	214.56	268.58349999999996	200-250,250-300	214.48	268.542	214.64	268.625
324	Diff net spacing	M1 (11)	218.208	265.2395	200-250,250-300	218.128	265.198	218.288	265.281
325	Diff net spacing	M1 (11)	225.656	266.32849999999996	200-250,250-300	225.576	266.287	225.736	266.37
326	Diff net spacing	M1 (11)	222.312	266.32849999999996	200-250,250-300	222.232	266.287	222.392	266.37
328	Diff net spacing	M1 (11)	220.94400000000002	269.6725	200-250,250-300	220.864	269.631	221.024	269.714
331	Diff net spacing	M1 (11)	228.69600000000003	265.2395	200-250,250-300	228.616	265.198	228.776	265.281
332	Diff net spacing	M1 (11)	231.43200000000002	266.32849999999996	200-250,250-300	231.352	266.287	231.512	266.37
333	Diff net spacing	M1 (11)	229.45600000000002	266.32849999999996	200-250,250-300	229.376	266.287	229.536	266.37
334	Diff net spacing	M1 (11)	228.24	269.6725	200-250,250-300	228.16	269.631	228.32	269.714
335	Diff net spacing	M1 (11)	229.608	269.6725	200-250,250-300	229.528	269.631	229.688	269.714
338	Diff net spacing	M1 (11)	230.824	269.6725	200-250,250-300	230.744	269.631	230.904	269.714
340	Diff net spacing	M1 (11)	230.67200000000003	273.0165	200-250,250-300	230.592	272.975	230.752	273.058
341	Diff net spacing	M1 (11)	248.0	269.6725	200-250,250-300	247.92	269.631	248.08	269.714
342	Diff net spacing	M1 (11)	249.368	276.3605	200-250,250-300	249.288	276.319	249.448	276.402
343	Diff net spacing	M1 (11)	249.824	273.0165	200-250,250-300	249.744	272.975	249.904	273.058
344	Diff net spacing	M1 (11)	259.4	269.6725	250-300,250-300	259.32	269.631	259.48	269.714
349	Diff net spacing	M1 (11)	265.632	276.3605	250-300,250-300	265.552	276.319	265.712	276.402
360	Diff net spacing	M1 (11)	122.904	279.7045	100-150,250-300	122.824	279.663	122.984	279.746
366	Diff net spacing	M1 (11)	202.704	288.64750000000004	200-250,250-300	202.624	288.606	202.784	288.689
367	Diff net spacing	M1 (11)	200.728	281.9595	200-250,250-300	200.648	281.918	200.808	282.001
368	Diff net spacing	M1 (11)	210.0	278.6155	200-250,250-300	209.92	278.574	210.08	278.657
369	Diff net spacing	M1 (11)	210.608	286.39250000000004	200-250,250-300	210.528	286.351	210.688	286.434
370	Diff net spacing	M1 (11)	210.608	281.9595	200-250,250-300	210.528	281.918	210.688	282.001
259	Diff net spacing	M1 (11)	244.2	245.1755	200-250,200-250	244.12	245.134	244.28	245.217
260	Diff net spacing	M1 (11)	250.28	245.1755	250-300,200-250	250.2	245.134	250.36	245.217
264	Diff net spacing	M1 (11)	39.304	258.55150000000003	000-050,250-300	39.224	258.51	39.384	258.593
266	Diff net spacing	M1 (11)	40.824	258.55150000000003	000-050,250-300	40.744	258.51	40.904	258.593
267	Diff net spacing	M1 (11)	109.68	258.55150000000003	100-150,250-300	109.6	258.51	109.76	258.593
268	Diff net spacing	M1 (11)	115.76	259.6405	100-150,250-300	115.68	259.599	115.84	259.682
269	Diff net spacing	M1 (11)	110.896	261.89549999999997	100-150,250-300	110.816	261.854	110.976	261.937
270	Diff net spacing	M1 (11)	119.104	258.55150000000003	100-150,250-300	119.024	258.51	119.184	258.593
271	Diff net spacing	M1 (11)	121.992	258.55150000000003	100-150,250-300	121.912	258.51	122.072	258.593
272	Diff net spacing	M1 (11)	135.216	261.89549999999997	100-150,250-300	135.136	261.854	135.296	261.937
273	Diff net spacing	M1 (11)	133.848	262.9845	100-150,250-300	133.768	262.943	133.928	263.026
274	Diff net spacing	M1 (11)	174.88799999999998	258.55150000000003	150-200,250-300	174.808	258.51	174.968	258.593
275	Diff net spacing	M1 (11)	173.67200000000003	258.55150000000003	150-200,250-300	173.592	258.51	173.752	258.593
279	Diff net spacing	M1 (11)	197.99200000000002	252.9525	150-200,250-300	197.912	252.911	198.072	252.994
283	Diff net spacing	M1 (11)	238.42399999999998	252.9525	200-250,250-300	238.344	252.911	238.504	252.994
291	Diff net spacing	M1 (11)	281.89599999999996	261.89549999999997	250-300,250-300	281.816	261.854	281.976	261.937
292	Diff net spacing	M1 (11)	280.68	261.89549999999997	250-300,250-300	280.6	261.854	280.76	261.937
306	Diff net spacing	M1 (11)	125.792	271.9275	100-150,250-300	125.712	271.886	125.872	271.969
11	Needs fat contact	M1 (11)-M2 (13)	40.672	42.496	000-050,000-050	40.642	42.441	40.702	42.551
14	Needs fat contact	M1 (11)-M2 (13)	20.759999999999998	52.528	000-050,050-100	20.73	52.473	20.79	52.583
15	Needs fat contact	M1 (11)-M2 (13)	23.648	55.872	000-050,050-100	23.618	55.817	23.678	55.927
17	Needs fat contact	M1 (11)-M2 (13)	36.263999999999996	51.008	000-050,050-100	36.234	50.953	36.294	51.063
24	Needs fat contact	M1 (11)-M2 (13)	22.28	64.38399999999999	000-050,050-100	22.25	64.329	22.31	64.439
25	Needs fat contact	M1 (11)-M2 (13)	28.968	61.04	000-050,050-100	28.938	60.985	28.998	61.095
30	Needs fat contact	M1 (11)-M2 (13)	118.496	75.936	100-150,050-100	118.466	75.881	118.526	75.991
31	Needs fat contact	M1 (11)-M2 (13)	121.384	75.936	100-150,050-100	121.354	75.881	121.414	75.991
32	Needs fat contact	M1 (11)-M2 (13)	128.224	81.10400000000001	100-150,050-100	128.194	81.049	128.254	81.159
33	Needs fat contact	M1 (11)-M2 (13)	26.384	85.96799999999999	000-050,050-100	26.354	85.913	26.414	86.023
42	Needs fat contact	M1 (11)-M2 (13)	109.984	91.136	100-150,050-100	109.954	91.081	110.014	91.191
43	Needs fat contact	M1 (11)-M2 (13)	119.408	82.624	100-150,050-100	119.378	82.569	119.438	82.679
44	Needs fat contact	M1 (11)-M2 (13)	126.096	89.31200000000001	100-150,050-100	126.066	89.257	126.126	89.367
45	Needs fat contact	M1 (11)-M2 (13)	130.504	92.656	100-150,050-100	130.474	92.601	130.534	92.711
46	Needs fat contact	M1 (11)-M2 (13)	127.768	92.656	100-150,050-100	127.738	92.601	127.798	92.711
47	Needs fat contact	M1 (11)-M2 (13)	123.512	87.792	100-150,050-100	123.482	87.737	123.542	87.847
48	Needs fat contact	M1 (11)-M2 (13)	135.824	89.31200000000001	100-150,050-100	135.794	89.257	135.854	89.367
49	Needs fat contact	M1 (11)-M2 (13)	134.304	85.96799999999999	100-150,050-100	134.274	85.913	134.334	86.023
50	Needs fat contact	M1 (11)-M2 (13)	138.56	87.792	100-150,050-100	138.53	87.737	138.59	87.847
51	Needs fat contact	M1 (11)-M2 (13)	130.808	82.624	100-150,050-100	130.778	82.569	130.838	82.679
52	Needs fat contact	M1 (11)-M2 (13)	132.936	87.792	100-150,050-100	132.906	87.737	132.966	87.847
58	Needs fat contact	M1 (11)-M2 (13)	295.27200000000005	84.44800000000001	250-300,050-100	295.242	84.393	295.302	84.503
61	Needs fat contact	M1 (11)-M2 (13)	116.368	96.0	100-150,050-100	116.338	95.945	116.398	96.055
62	Needs fat contact	M1 (11)-M2 (13)	113.936	99.344	100-150,050-100	113.906	99.289	113.966	99.399
63	Needs fat contact	M1 (11)-M2 (13)	110.136	96.0	100-150,050-100	110.106	95.945	110.166	96.055
64	Needs fat contact	M1 (11)-M2 (13)	123.664	96.0	100-150,050-100	123.634	95.945	123.694	96.055
65	Needs fat contact	M1 (11)-M2 (13)	122.904	94.47999999999999	100-150,050-100	122.874	94.425	122.934	94.535
66	Needs fat contact	M1 (11)-M2 (13)	122.29599999999999	97.82400000000001	100-150,050-100	122.266	97.769	122.326	97.879
67	Needs fat contact	M1 (11)-M2 (13)	119.408	96.0	100-150,050-100	119.378	95.945	119.438	96.055
68	Needs fat contact	M1 (11)-M2 (13)	125.64	96.0	100-150,050-100	125.61	95.945	125.67	96.055
69	Needs fat contact	M1 (11)-M2 (13)	132.632	96.0	100-150,050-100	132.602	95.945	132.662	96.055
85	Needs fat contact	M1 (11)-M2 (13)	293.904	127.91999999999999	250-300,100-150	293.874	127.865	293.934	127.975
98	Needs fat contact	M1 (11)-M2 (13)	27.904	147.98399999999998	000-050,100-150	27.874	147.929	27.934	148.039
99	Needs fat contact	M1 (11)-M2 (13)	35.504	146.16	000-050,100-150	35.474	146.105	35.534	146.215
102	Needs fat contact	M1 (11)-M2 (13)	41.888	154.672	000-050,150-200	41.858	154.617	41.918	154.727
105	Needs fat contact	M1 (11)-M2 (13)	21.064	164.704	000-050,150-200	21.034	164.649	21.094	164.759
108	Needs fat contact	M1 (11)-M2 (13)	22.887999999999998	159.536	000-050,150-200	22.858	159.481	22.918	159.591
109	Needs fat contact	M1 (11)-M2 (13)	30.488	159.536	000-050,150-200	30.458	159.481	30.518	159.591
115	Needs fat contact	M1 (11)-M2 (13)	229.456	162.88	200-250,150-200	229.426	162.825	229.486	162.935
127	Needs fat contact	M1 (11)-M2 (13)	88.248	176.256	050-100,150-200	88.218	176.201	88.278	176.311
129	Needs fat contact	M1 (11)-M2 (13)	89.008	181.424	050-100,150-200	88.978	181.369	89.038	181.479
130	Needs fat contact	M1 (11)-M2 (13)	91.744	179.6	050-100,150-200	91.714	179.545	91.774	179.655
142	Needs fat contact	M1 (11)-M2 (13)	218.36	198.144	200-250,150-200	218.33	198.089	218.39	198.199
171	Needs fat contact	M1 (11)-M2 (13)	270.03999999999996	214.864	250-300,200-250	270.01	214.809	270.07	214.919
193	Needs fat contact	M1 (11)-M2 (13)	271.10400000000004	216.38400000000001	250-300,200-250	271.074	216.329	271.134	216.439
194	Needs fat contact	M1 (11)-M2 (13)	272.928	223.072	250-300,200-250	272.898	223.017	272.958	223.127
196	Needs fat contact	M1 (11)-M2 (13)	275.20799999999997	218.208	250-300,200-250	275.178	218.153	275.238	218.263
198	Needs fat contact	M1 (11)-M2 (13)	276.88	223.072	250-300,200-250	276.85	223.017	276.91	223.127
200	Needs fat contact	M1 (11)-M2 (13)	277.336	221.55200000000002	250-300,200-250	277.306	221.497	277.366	221.607
211	Needs fat contact	M1 (11)-M2 (13)	185.984	238.272	150-200,200-250	185.954	238.217	186.014	238.327
238	Needs fat contact	M1 (11)-M2 (13)	241.008	233.10399999999998	200-250,200-250	240.978	233.049	241.038	233.159
240	Needs fat contact	M1 (11)-M2 (13)	23.496000000000002	248.304	000-050,200-250	23.466	248.249	23.526	248.359
241	Needs fat contact	M1 (11)-M2 (13)	22.887999999999998	249.824	000-050,200-250	22.858	249.769	22.918	249.879
242	Needs fat contact	M1 (11)-M2 (13)	26.84	249.824	000-050,200-250	26.81	249.769	26.87	249.879
243	Needs fat contact	M1 (11)-M2 (13)	24.104	251.648	000-050,250-300	24.074	251.593	24.134	251.703
244	Needs fat contact	M1 (11)-M2 (13)	22.887999999999998	251.648	000-050,250-300	22.858	251.593	22.918	251.703
245	Needs fat contact	M1 (11)-M2 (13)	141.144	251.648	100-150,250-300	141.114	251.593	141.174	251.703
246	Needs fat contact	M1 (11)-M2 (13)	177.016	241.61599999999999	150-200,200-250	176.986	241.561	177.046	241.671
247	Needs fat contact	M1 (11)-M2 (13)	175.496	241.61599999999999	150-200,200-250	175.466	241.561	175.526	241.671
248	Needs fat contact	M1 (11)-M2 (13)	177.472	246.48000000000002	150-200,200-250	177.442	246.425	177.502	246.535
250	Needs fat contact	M1 (11)-M2 (13)	207.568	251.648	200-250,250-300	207.538	251.593	207.598	251.703
378	Needs fat contact	M1 (11)-M2 (13)	226.72	281.744	200-250,250-300	226.69	281.689	226.75	281.799
379	Needs fat contact	M1 (11)-M2 (13)	226.72	286.608	200-250,250-300	226.69	286.553	226.75	286.663
380	Needs fat contact	M1 (11)-M2 (13)	237.056	285.08799999999997	200-250,250-300	237.026	285.033	237.086	285.143
389	Needs fat contact	M1 (11)-M2 (13)	226.416	291.776	200-250,250-300	226.386	291.721	226.446	291.831
315	Needs fat contact	M1 (11)-M2 (13)	183.096	265.024	150-200,250-300	183.066	264.969	183.126	265.079
316	Needs fat contact	M1 (11)-M2 (13)	194.04	268.368	150-200,250-300	194.01	268.313	194.07	268.423
317	Needs fat contact	M1 (11)-M2 (13)	201.336	273.23199999999997	200-250,250-300	201.306	273.177	201.366	273.287
327	Needs fat contact	M1 (11)-M2 (13)	218.512	271.712	200-250,250-300	218.482	271.657	218.542	271.767
339	Needs fat contact	M1 (11)-M2 (13)	229.608	275.056	200-250,250-300	229.578	275.001	229.638	275.111
345	Needs fat contact	M1 (11)-M2 (13)	265.024	265.024	250-300,250-300	264.994	264.969	265.054	265.079
348	Needs fat contact	M1 (11)-M2 (13)	270.79999999999995	266.544	250-300,250-300	270.77	266.489	270.83	266.599
356	Needs fat contact	M1 (11)-M2 (13)	114.088	278.4	100-150,250-300	114.058	278.345	114.118	278.455
357	Needs fat contact	M1 (11)-M2 (13)	106.64	278.4	100-150,250-300	106.61	278.345	106.67	278.455
358	Needs fat contact	M1 (11)-M2 (13)	130.352	279.92	100-150,250-300	130.322	279.865	130.382	279.975
361	Needs fat contact	M1 (11)-M2 (13)	135.672	279.92	100-150,250-300	135.642	279.865	135.702	279.975
362	Needs fat contact	M1 (11)-M2 (13)	181.728	283.264	150-200,250-300	181.698	283.209	181.758	283.319
363	Needs fat contact	M1 (11)-M2 (13)	188.112	278.4	150-200,250-300	188.082	278.345	188.142	278.455
364	Needs fat contact	M1 (11)-M2 (13)	188.416	286.608	150-200,250-300	188.386	286.553	188.446	286.663
365	Needs fat contact	M1 (11)-M2 (13)	195.10399999999998	288.432	150-200,250-300	195.074	288.377	195.134	288.487
373	Needs fat contact	M1 (11)-M2 (13)	224.288	278.4	200-250,250-300	224.258	278.345	224.318	278.455
374	Needs fat contact	M1 (11)-M2 (13)	223.072	279.92	200-250,250-300	223.042	279.865	223.102	279.975
376	Needs fat contact	M1 (11)-M2 (13)	225.808	285.08799999999997	200-250,250-300	225.778	285.033	225.838	285.143
377	Needs fat contact	M1 (11)-M2 (13)	226.416	288.432	200-250,250-300	226.386	288.377	226.446	288.487
263	Needs fat contact	M1 (11)-M2 (13)	32.464	253.168	000-050,250-300	32.434	253.113	32.494	253.223
265	Needs fat contact	M1 (11)-M2 (13)	34.288	254.99200000000002	000-050,250-300	34.258	254.937	34.318	255.047
276	Needs fat contact	M1 (11)-M2 (13)	191.0	259.856	150-200,250-300	190.97	259.801	191.03	259.911
277	Needs fat contact	M1 (11)-M2 (13)	189.328	259.856	150-200,250-300	189.298	259.801	189.358	259.911
278	Needs fat contact	M1 (11)-M2 (13)	185.984	258.336	150-200,250-300	185.954	258.281	186.014	258.391
280	Needs fat contact	M1 (11)-M2 (13)	213.04	254.99200000000002	200-250,250-300	213.01	254.937	213.07	255.047
281	Needs fat contact	M1 (11)-M2 (13)	213.8	263.2	200-250,250-300	213.77	263.145	213.83	263.255
282	Needs fat contact	M1 (11)-M2 (13)	215.776	259.856	200-250,250-300	215.746	259.801	215.806	259.911
284	Needs fat contact	M1 (11)-M2 (13)	263.808	263.2	250-300,250-300	263.778	263.145	263.838	263.255
285	Needs fat contact	M1 (11)-M2 (13)	261.072	263.2	250-300,250-300	261.042	263.145	261.102	263.255
286	Needs fat contact	M1 (11)-M2 (13)	263.65599999999995	261.68	250-300,250-300	263.626	261.625	263.686	261.735
287	Needs fat contact	M1 (11)-M2 (13)	266.544	263.2	250-300,250-300	266.514	263.145	266.574	263.255
288	Needs fat contact	M1 (11)-M2 (13)	274.904	263.2	250-300,250-300	274.874	263.145	274.934	263.255
289	Needs fat contact	M1 (11)-M2 (13)	267.76	263.2	250-300,250-300	267.73	263.145	267.79	263.255
290	Needs fat contact	M1 (11)-M2 (13)	272.624	259.856	250-300,250-300	272.594	259.801	272.654	259.911
295	Needs fat contact	M1 (11)-M2 (13)	43.104	275.056	000-050,250-300	43.074	275.001	43.134	275.111
296	Needs fat contact	M1 (11)-M2 (13)	43.408	273.23199999999997	000-050,250-300	43.378	273.177	43.438	273.287
305	Needs fat contact	M1 (11)-M2 (13)	111.048	273.23199999999997	100-150,250-300	111.018	273.177	111.078	273.287
307	Needs fat contact	M1 (11)-M2 (13)	136.584	268.368	100-150,250-300	136.554	268.313	136.614	268.423
308	Needs fat contact	M1 (11)-M2 (13)	136.28	266.544	100-150,250-300	136.25	266.489	136.31	266.599
310	Needs fat contact	M1 (11)-M2 (13)	133.24	271.712	100-150,250-300	133.21	271.657	133.27	271.767
312	Needs fat contact	M1 (11)-M2 (13)	178.232	266.544	150-200,250-300	178.202	266.489	178.262	266.599
313	Needs fat contact	M1 (11)-M2 (13)	185.072	269.88800000000003	150-200,250-300	185.042	269.833	185.102	269.943
314	Needs fat contact	M1 (11)-M2 (13)	186.89600000000002	265.024	150-200,250-300	186.866	264.969	186.926	265.079
195	Less than minimum area	M2 (13)	272.928	223.072	250-300,200-250	272.898	223.017	272.958	223.127
197	Less than minimum area	M2 (13)	275.20799999999997	218.208	250-300,200-250	275.178	218.153	275.238	218.263
199	Less than minimum area	M2 (13)	276.88	223.072	250-300,200-250	276.85	223.017	276.91	223.127
359	Less than minimum area	M2 (13)	130.352	279.92	100-150,250-300	130.322	279.865	130.382	279.975
375	Less than minimum area	M2 (13)	223.072	279.92	200-250,250-300	223.042	279.865	223.102	279.975
309	Less than minimum area	M2 (13)	136.28	266.544	100-150,250-300	136.25	266.489	136.31	266.599
311	Less than minimum area	M2 (13)	133.24	271.712	100-150,250-300	133.21	271.657	133.27	271.767
239	Short	M1 (11)	301.58	235.536	300-350,200-250	301.505	235.461	301.655	235.611
318	Short	M2 (13)	208.48	266.39099999999996	200-250,250-300	208.396	266.306	208.564	266.476
319	Short	M2 (13)	208.4665	266.392	200-250,250-300	208.369	266.308	208.564	266.476
